{
  "n_total": 189,
  "n_skipped_gallery_duplicate": 0,
  "skipped_gallery_duplicate_paths": [],
  "top1_accuracy": 0.9047619047619048,
  "top3_accuracy": 0.9841269841269841,
  "rejection_rate_at_threshold": 0.0,
  "confusion_matrix_labels": [
    "WAL2-R",
    "WAL2-W",
    "WAL2-Y",
    "WAM4-R",
    "WAM4-W",
    "WAM4-Y",
    "WAM5-R",
    "WAM5-W",
    "WAM5-Y"
  ],
  "confusion_matrix": [
    [
      21,
      0,
      0,
      0,
      0,
      0,
      0,
      0,
      0
    ],
    [
      0,
      20,
      1,
      0,
      0,
      0,
      0,
      0,
      0
    ],
    [
      4,
      0,
      17,
      0,
      0,
      0,
      0,
      0,
      0
    ],
    [
      0,
      0,
      0,
      21,
      0,
      0,
      0,
      0,
      0
    ],
    [
      0,
      0,
      0,
      0,
      20,
      0,
      0,
      1,
      0
    ],
    [
      0,
      0,
      0,
      3,
      0,
      16,
      0,
      0,
      2
    ],
    [
      0,
      0,
      0,
      1,
      0,
      0,
      20,
      0,
      0
    ],
    [
      0,
      0,
      0,
      0,
      1,
      0,
      0,
      20,
      0
    ],
    [
      0,
      0,
      0,
      0,
      0,
      1,
      4,
      0,
      16
    ]
  ],
  "per_class": {
    "WAL2-R": {
      "precision": 0.84,
      "recall": 1.0,
      "f1-score": 0.9130434782608695,
      "support": 21.0
    },
    "WAL2-W": {
      "precision": 1.0,
      "recall": 0.9523809523809523,
      "f1-score": 0.975609756097561,
      "support": 21.0
    },
    "WAL2-Y": {
      "precision": 0.9444444444444444,
      "recall": 0.8095238095238095,
      "f1-score": 0.8717948717948718,
      "support": 21.0
    },
    "WAM4-R": {
      "precision": 0.84,
      "recall": 1.0,
      "f1-score": 0.9130434782608695,
      "support": 21.0
    },
    "WAM4-W": {
      "precision": 0.9523809523809523,
      "recall": 0.9523809523809523,
      "f1-score": 0.9523809523809523,
      "support": 21.0
    },
    "WAM4-Y": {
      "precision": 0.9411764705882353,
      "recall": 0.7619047619047619,
      "f1-score": 0.8421052631578947,
      "support": 21.0
    },
    "WAM5-R": {
      "precision": 0.8333333333333334,
      "recall": 0.9523809523809523,
      "f1-score": 0.8888888888888888,
      "support": 21.0
    },
    "WAM5-W": {
      "precision": 0.9523809523809523,
      "recall": 0.9523809523809523,
      "f1-score": 0.9523809523809523,
      "support": 21.0
    },
    "WAM5-Y": {
      "precision": 0.8888888888888888,
      "recall": 0.7619047619047619,
      "f1-score": 0.8205128205128205,
      "support": 21.0
    },
    "accuracy": 0.9047619047619048,
    "macro avg": {
      "precision": 0.9102894491129785,
      "recall": 0.9047619047619047,
      "f1-score": 0.9033067179706313,
      "support": 189.0
    },
    "weighted avg": {
      "precision": 0.9102894491129785,
      "recall": 0.9047619047619048,
      "f1-score": 0.9033067179706312,
      "support": 189.0
    }
  },
  "threshold": 0.85,
  "encoder": "resnet50"
}
