{
  "n_total": 459,
  "n_skipped_gallery_duplicate": 0,
  "skipped_gallery_duplicate_paths": [],
  "top1_accuracy": 0.5076252723311547,
  "top3_accuracy": 0.8126361655773421,
  "rejection_rate_at_threshold": 0.0,
  "confusion_matrix_labels": [
    "WAL2-R",
    "WAL2-W",
    "WAL2-Y",
    "WAM4-R",
    "WAM4-W",
    "WAM4-Y",
    "WAM5-R",
    "WAM5-W",
    "WAM5-Y"
  ],
  "confusion_matrix": [
    [
      32,
      6,
      13,
      0,
      0,
      0,
      0,
      0,
      0
    ],
    [
      12,
      38,
      1,
      0,
      0,
      0,
      0,
      0,
      0
    ],
    [
      19,
      2,
      30,
      0,
      0,
      0,
      0,
      0,
      0
    ],
    [
      0,
      0,
      0,
      20,
      5,
      13,
      9,
      0,
      4
    ],
    [
      0,
      0,
      0,
      11,
      27,
      0,
      2,
      11,
      0
    ],
    [
      0,
      0,
      0,
      11,
      3,
      26,
      2,
      0,
      9
    ],
    [
      0,
      0,
      0,
      7,
      0,
      5,
      17,
      3,
      19
    ],
    [
      0,
      0,
      0,
      1,
      9,
      1,
      11,
      26,
      3
    ],
    [
      0,
      0,
      0,
      1,
      2,
      13,
      18,
      0,
      17
    ]
  ],
  "per_class": {
    "WAL2-R": {
      "precision": 0.5079365079365079,
      "recall": 0.6274509803921569,
      "f1-score": 0.5614035087719298,
      "support": 51.0
    },
    "WAL2-W": {
      "precision": 0.8260869565217391,
      "recall": 0.7450980392156863,
      "f1-score": 0.7835051546391752,
      "support": 51.0
    },
    "WAL2-Y": {
      "precision": 0.6818181818181818,
      "recall": 0.5882352941176471,
      "f1-score": 0.631578947368421,
      "support": 51.0
    },
    "WAM4-R": {
      "precision": 0.39215686274509803,
      "recall": 0.39215686274509803,
      "f1-score": 0.39215686274509803,
      "support": 51.0
    },
    "WAM4-W": {
      "precision": 0.5869565217391305,
      "recall": 0.5294117647058824,
      "f1-score": 0.5567010309278351,
      "support": 51.0
    },
    "WAM4-Y": {
      "precision": 0.4482758620689655,
      "recall": 0.5098039215686274,
      "f1-score": 0.47706422018348627,
      "support": 51.0
    },
    "WAM5-R": {
      "precision": 0.288135593220339,
      "recall": 0.3333333333333333,
      "f1-score": 0.3090909090909091,
      "support": 51.0
    },
    "WAM5-W": {
      "precision": 0.65,
      "recall": 0.5098039215686274,
      "f1-score": 0.5714285714285714,
      "support": 51.0
    },
    "WAM5-Y": {
      "precision": 0.3269230769230769,
      "recall": 0.3333333333333333,
      "f1-score": 0.3300970873786408,
      "support": 51.0
    },
    "accuracy": 0.5076252723311547,
    "macro avg": {
      "precision": 0.5231432847747821,
      "recall": 0.5076252723311546,
      "f1-score": 0.5125584769482295,
      "support": 459.0
    },
    "weighted avg": {
      "precision": 0.5231432847747821,
      "recall": 0.5076252723311547,
      "f1-score": 0.5125584769482296,
      "support": 459.0
    }
  },
  "threshold": 0.55,
  "encoder": "dinov2"
}
